sample,Biomass_0_N,Biomass_0_Nd,Biomass_0_PPFD,Biomass_0_Rad,Biomass_0_T_d_mean,Biomass_0_T_in,Biomass_0_T_mean,Biomass_0_c,Biomass_0_cd,Biomass_0_deltapg,Biomass_0_deltarm,Biomass_0_dn,Biomass_0_dw,Biomass_0_dwf,Biomass_0_dwm,Biomass_0_ff,Biomass_0_grnet,Biomass_0_lai,Biomass_0_location,Biomass_0_p1,Biomass_0_pg,Biomass_0_pgr,Biomass_0_rm,Biomass_0_w,Biomass_0_wf,Biomass_0_wm,Biomass_1_N,Biomass_1_Nd,Biomass_1_PPFD,Biomass_1_Rad,Biomass_1_T_d_mean,Biomass_1_T_in,Biomass_1_T_mean,Biomass_1_c,Biomass_1_cd,Biomass_1_deltapg,Biomass_1_deltarm,Biomass_1_dn,Biomass_1_dw,Biomass_1_dwf,Biomass_1_dwm,Biomass_1_ff,Biomass_1_grnet,Biomass_1_lai,Biomass_1_location,Biomass_1_p1,Biomass_1_pg,Biomass_1_pgr,Biomass_1_rm,Biomass_1_w,Biomass_1_wf,Biomass_1_wm,Greenhouse_Rad,Greenhouse_Rad_input_0,Greenhouse_Rad_input_1,Greenhouse_T_daytime_mean,Greenhouse_T_in,Greenhouse_T_input_0,Greenhouse_T_input_1,Greenhouse_T_mean,Greenhouse_T_sparse_daytime_0,Greenhouse_T_sparse_daytime_1,Greenhouse_T_sparse_mean_0,Greenhouse_T_sparse_mean_1,LAI_0_DN,LAI_0_N,LAI_0_Nd,LAI_0_c,LAI_0_dh,LAI_0_lai,LAI_0_location,LAI_1_DN,LAI_1_N,LAI_1_Nd,LAI_1_c,LAI_1_dh,LAI_1_lai,LAI_1_location,Nodes_0_C0,Nodes_0_C1,Nodes_0_C2,Nodes_0_K0,Nodes_0_K1,Nodes_0_K2,Nodes_0_N,Nodes_0_Nd,Nodes_0_T_mean,Nodes_0_c,Nodes_0_dn,Nodes_0_location,Nodes_1_C0,Nodes_1_C1,Nodes_1_C2,Nodes_1_K0,Nodes_1_K1,Nodes_1_K2,Nodes_1_N,Nodes_1_Nd,Nodes_1_T_mean,Nodes_1_c,Nodes_1_dn,Nodes_1_location
0,0.0,0.0,0.0,0.0,0.0,0.0,0.0,0,0,0.0,0.0,0.0,0,0,0.0,0,0,0.0,B0,0,0,0.0,0,0,0,0,0.0,0.0,0.0,0.0,0.0,0.0,0.0,0,0,0.0,0.0,0.0,0,0,0.0,0,0,0.0,B0,0,0,0.0,0,0,0,0,300.0,300.0,299.6296296296296,22.0,20.0,21.0,20.998765432098764,21.0,23.0,22.998765432098764,22.0,21.998765432098764,0.0,0.0,0.0,0,0.0,0.015,L_0,0.0,0.0,0.0,0,0.0,0.015,L_0,-0.3055555555555556,0.09999999999999998,3.0,0.061111111111111116,0.03214285714285715,-0.07142857142857142,5,5,0.0,0,0,N_0,-0.3055555555555556,0.09999999999999998,3.0,0.061111111111111116,0.03214285714285715,-0.07142857142857142,5,5,0.0,0,0,N_0
1,5.0,5.0,630.0,300.0,23.0,20.0,22.0,0,1,0.5225828212668793,0.0,0.0,0,0,0.0,0.9375,0.05126537476628086,0.015,B0,0,0.5225828212668793,1,0.0,0,0,0,5.0,5.0,629.2222222222222,299.6296296296296,22.998765432098764,20.0,21.998765432098764,0,1,0.5222501662137446,0.0,0.0,0,0,0.0,0.9374228395061728,0.051232741305568354,0.015,B0,0,0.5222501662137446,1,0.0,0,0,0,300.0,300.0,299.6296296296296,22.0,20.0,21.0,20.998765432098764,21.0,23.0,22.998765432098764,22.0,21.998765432098764,0.0,5.0,5.0,1,0.0013523643587838472,0.015,L_0,0.0,5.0,5.0,1,0.0013523643587838472,0.015,L_0,-0.3055555555555556,0.09999999999999998,3.0,0.061111111111111116,0.03214285714285715,-0.07142857142857142,5,5,22.0,1,0.5327142857142858,N_0,-0.3055555555555556,0.09999999999999998,3.0,0.061111111111111116,0.03214285714285715,-0.07142857142857142,5,5,21.998765432098764,1,0.5326880952380952,N_0
2,5.0,5.0,651.0,310.0,23.433333333333334,20.5,22.333333333333336,0,2,0.5314164133585149,0.0,0.0,0,0,0.0,0.9583333333333335,0.07776463753361074,0.015,B0,0,1.0539992346253941,1,0.0,0,0,0,5.0,5.0,650.1962962962963,309.61728395061726,23.432057613168723,20.5,22.332057613168725,0,2,0.5310835103095981,0.0,0.0,0,0,0.0,0.9582536008230453,0.07771566301415575,0.015,B0,0,1.0533336765233428,1,0.0,0,0,0,310.0,310.0,309.61728395061726,22.4,20.5,21.533333333333335,21.532057613168725,21.3,23.433333333333334,23.432057613168723,22.333333333333336,22.332057613168725,0.0,5.0,5.0,2,0.0013523643587838472,0.015,L_0,0.0,5.0,5.0,2,0.0013523643587838472,0.015,L_0,-0.3055555555555556,0.09999999999999998,3.0,0.061111111111111116,0.03214285714285715,-0.07142857142857142,5,5,22.333333333333336,2,0.5397857142857144,N_0,-0.3055555555555556,0.09999999999999998,3.0,0.061111111111111116,0.03214285714285715,-0.07142857142857142,5,5,22.332057613168725,2,0.5397586507936509,N_0
3,5.0,5.0,640.5,305.0,23.116666666666667,20.2,22.116666666666667,0,3,0.5270350113420358,0.0,0.0,0,0,0.0,0.9447916666666667,0.1034007970710293,0.015,B0,0,1.5810342459674298,1,0.0,0,0,0,5.0,5.0,639.7092592592593,304.62345679012344,23.115411522633746,20.2,22.115411522633746,0,3,0.5267022089480548,0.0,0.0,0,0,0.0,0.9447132201646091,0.10333550353127412,0.015,B0,0,1.5800358854713976,1,0.0,0,0,0,305.0,305.0,304.62345679012344,22.1,20.2,21.216666666666665,21.215411522633744,21.1,23.116666666666667,23.115411522633746,22.116666666666667,22.115411522633746,0.0,5.0,5.0,3,0.0013523643587838472,0.015,L_0,0.0,5.0,5.0,3,0.0013523643587838472,0.015,L_0,-0.3055555555555556,0.09999999999999998,3.0,0.061111111111111116,0.03214285714285715,-0.07142857142857142,5,5,22.116666666666667,3,0.5351892857142858,N_0,-0.3055555555555556,0.09999999999999998,3.0,0.061111111111111116,0.03214285714285715,-0.07142857142857142,5,5,22.115411522633746,3,0.5351626587301588,N_0
4,5.0,5.0,619.5,295.0,22.783333333333335,19.8,21.683333333333334,0,4,0.5180581136293668,0.0,0.0,0,0,0.0,0.9177083333333333,0.12837123071174328,0.015,B0,0,2.0990923595967965,1,0.0,0,0,0,5.0,5.0,618.7351851851852,294.6358024691358,22.782119341563785,19.8,21.682119341563784,0,4,0.5177256548527596,0.0,0.0,0,0,0.0,0.9176324588477365,0.12828964692342776,0.015,B0,0,2.097761540324157,1,0.0,0,0,0,295.0,295.0,294.6358024691358,21.8,19.8,20.783333333333335,20.782119341563785,20.7,22.783333333333335,22.782119341563785,21.683333333333334,21.682119341563784,0.0,5.0,5.0,4,0.0013523643587838472,0.015,L_0,0.0,5.0,5.0,4,0.0013523643587838472,0.015,L_0,-0.3055555555555556,0.09999999999999998,3.0,0.061111111111111116,0.03214285714285715,-0.07142857142857142,5,5,21.683333333333334,4,0.5259964285714287,N_0,-0.3055555555555556,0.09999999999999998,3.0,0.061111111111111116,0.03214285714285715,-0.07142857142857142,5,5,21.682119341563784,4,0.5259706746031746,N_0
5,5.0,5.0,634.2,302.0,23.006666666666668,20.1,21.906666666666666,0,5,0.5243723013044285,0.0,0.0,0,0,0.0,0.9316666666666666,0.15440140299618732,0.015,B0,0,2.623464660901225,1,0.0,0,0,0,5.0,5.0,633.4170370370371,301.62716049382715,23.005423868312757,20.1,21.905423868312756,0,5,0.5240395815711002,0.0,0.0,0,0,0.0,0.9315889917695472,0.15430348650502484,0.015,B0,0,2.6218011218952575,1,0.0,0,0,0,302.0,302.0,301.62716049382715,22.0,20.1,21.10666666666667,21.10542386831276,20.9,23.006666666666668,23.005423868312757,21.906666666666666,21.905423868312756,0.0,5.0,5.0,5,0.0013523643587838472,0.015,L_0,0.0,5.0,5.0,5,0.0013523643587838472,0.015,L_0,-0.3055555555555556,0.09999999999999998,3.0,0.061111111111111116,0.03214285714285715,-0.07142857142857142,5,5,21.906666666666666,5,0.5307342857142857,N_0,-0.3055555555555556,0.09999999999999998,3.0,0.061111111111111116,0.03214285714285715,-0.07142857142857142,5,5,21.905423868312756,5,0.5307079206349207,N_0
6,5.0,5.0,661.5,315.0,23.55,20.4,22.25,0,6,0.53572870225671,0.0,0.0,0,0,0.0,0.953125,0.1812359273085883,0.015,B0,0,3.159193363157935,1,0.0,0,0,0,5.0,5.0,660.6833333333334,314.61111111111114,23.548703703703705,20.4,22.248703703703704,0,6,0.5353957430937021,0.0,0.0,0,0,0.0,0.9530439814814815,0.18112166742645452,0.015,B0,0,3.1571968649889595,1,0.0,0,0,0,315.0,315.0,314.61111111111114,22.5,20.4,21.45,21.448703703703703,21.2,23.55,23.548703703703705,22.25,22.248703703703704,0.0,5.0,5.0,6,0.0013523643587838472,0.015,L_0,0.0,5.0,5.0,6,0.0013523643587838472,0.015,L_0,-0.3055555555555556,0.09999999999999998,3.0,0.061111111111111116,0.03214285714285715,-0.07142857142857142,5,5,22.25,6,0.5380178571428572,N_0,-0.3055555555555556,0.09999999999999998,3.0,0.061111111111111116,0.03214285714285715,-0.07142857142857142,5,5,22.248703703703704,6,0.5379903571428573,N_0
7,5.0,5.0,672.0,320.0,23.866666666666667,20.8,22.566666666666666,0,7,0.5399735005486119,0.0,0.0,0,0,0.0,0.9729166666666667,0.20792983486671554,0.015,B0,0,3.699166863706547,1,0.0,0,0,0,5.0,5.0,671.1703703703705,319.60493827160496,23.865349794238682,20.8,22.565349794238685,0,7,0.5396405277669499,0.0,0.0,0,0,0.0,0.9728343621399178,0.20779924200164626,0.015,B0,0,3.6968373927559095,1,0.0,0,0,0,320.0,320.0,319.60493827160496,22.8,20.8,21.866666666666667,21.865349794238682,21.5,23.866666666666667,23.865349794238682,22.566666666666666,22.565349794238685,0.0,5.0,5.0,7,0.0013523643587838472,0.015,L_0,0.0,5.0,5.0,7,0.0013523643587838472,0.015,L_0,-0.3055555555555556,0.09999999999999998,3.0,0.061111111111111116,0.03214285714285715,-0.07142857142857142,5,5,22.566666666666666,7,0.5447357142857143,N_0,-0.3055555555555556,0.09999999999999998,3.0,0.061111111111111116,0.03214285714285715,-0.07142857142857142,5,5,22.565349794238685,7,0.5447077777777779,N_0
8,5.0,5.0,693.0,330.0,24.1,21.0,22.8,0,8,0.5482668653385802,0.0,0.0,0,0,0.0,0.9875,0.23522911415452083,0.015,B0,0,4.247433729045127,1,0.0,0,0,0,5.0,5.0,692.1444444444445,329.5925925925926,24.09864197530864,21.0,22.79864197530864,0,8,0.5479339850905218,0.0,0.0,0,0,0.0,0.9874151234567901,0.23508219805205752,0.015,B0,0,4.2447713778464315,1,0.0,0,0,0,330.0,330.0,329.5925925925926,23.0,21.0,22.1,22.09864197530864,21.7,24.1,24.09864197530864,22.8,22.79864197530864,0.0,5.0,5.0,8,0.0013523643587838472,0.015,L_0,0.0,5.0,5.0,8,0.0013523643587838472,0.015,L_0,-0.3055555555555556,0.09999999999999998,3.0,0.061111111111111116,0.03214285714285715,-0.07142857142857142,5,5,22.8,8,0.5496857142857143,N_0,-0.3055555555555556,0.09999999999999998,3.0,0.061111111111111116,0.03214285714285715,-0.07142857142857142,5,5,22.79864197530864,8,0.5496569047619048,N_0
9,5.0,5.0,714.0,340.0,24.333333333333332,21.2,23.03333333333333,0,9,0.5563085142919332,0.0,0.0,0,0,0.0,1,0.2629104896617021,0.015,B0,0,4.8037422433370605,1,0.0,0,0,0,5.0,5.0,713.1185185185186,339.58024691358025,24.3319341563786,21.2,23.0319341563786,0,9,0.5559758742815483,0.0,0.0,0,0,0.0,1,0.2627472693503874,0.015,B0,0,4.80074725212798,1,0.0,0,0,0,340.0,340.0,339.58024691358025,23.2,21.2,22.333333333333332,22.3319341563786,21.9,24.333333333333332,24.3319341563786,23.03333333333333,23.0319341563786,0.0,5.0,5.0,9,0.0013523643587838472,0.015,L_0,0.0,5.0,5.0,9,0.0013523643587838472,0.015,L_0,-0.3055555555555556,0.09999999999999998,3.0,0.061111111111111116,0.03214285714285715,-0.07142857142857142,5,5,23.03333333333333,9,0.5546357142857143,N_0,-0.3055555555555556,0.09999999999999998,3.0,0.061111111111111116,0.03214285714285715,-0.07142857142857142,5,5,23.0319341563786,9,0.5546060317460318,N_0
10,5.0,5.0,724.5,345.0,24.45,21.4,23.15,0,10,0.5602384995907129,0.0,0.0,0,0,0.0,1,0.29058295384553173,0.015,B0,0,5.363980742927773,1,0.0,0,0,0,5.0,5.0,723.6055555555556,344.5740740740741,24.44858024691358,21.4,23.148580246913582,0,10,0.5599060308945858,0.0,0.0,0,0,0.0,1,0.2904034343476363,0.015,B0,0,5.360653283022566,1,0.0,0,0,0,345.0,345.0,344.5740740740741,23.3,21.4,22.549999999999997,22.54858024691358,22.0,24.45,24.44858024691358,23.15,23.148580246913582,0.0,5.0,5.0,10,0.0013523643587838472,0.015,L_0,0.0,5.0,5.0,10,0.0013523643587838472,0.015,L_0,-0.3055555555555556,0.09999999999999998,3.0,0.061111111111111116,0.03214285714285715,-0.07142857142857142,5,5,23.15,10,0.5571107142857143,N_0,-0.3055555555555556,0.09999999999999998,3.0,0.061111111111111116,0.03214285714285715,-0.07142857142857142,5,5,23.148580246913582,10,0.5570805952380953,N_0
11,5.0,5.0,735.0,350.0,24.566666666666666,21.5,23.26666666666667,0,11,0.5641097360314986,0.0,0.0,0,0,0.0,1,0.3184424205452973,0.015,B0,0,5.928090478959271,1,0.0,0,0,0,5.0,5.0,734.0925925925926,349.5679012345679,24.565226337448557,21.5,23.26522633744856,0,11,0.5637774706936594,0.0,0.0,0,0,0.0,1,0.3182466134073048,0.015,B0,0,5.9244307537162255,1,0.0,0,0,0,350.0,350.0,349.5679012345679,23.4,21.5,22.666666666666668,22.66522633744856,22.1,24.566666666666666,24.565226337448557,23.26666666666667,23.26522633744856,0.0,5.0,5.0,11,0.0013523643587838472,0.015,L_0,0.0,5.0,5.0,11,0.0013523643587838472,0.015,L_0,-0.3055555555555556,0.09999999999999998,3.0,0.061111111111111116,0.03214285714285715,-0.07142857142857142,5,5,23.26666666666667,11,0.5595857142857144,N_0,-0.3055555555555556,0.09999999999999998,3.0,0.061111111111111116,0.03214285714285715,-0.07142857142857142,5,5,23.26522633744856,11,0.5595551587301588,N_0
12,5.0,5.0,745.5,355.0,24.683333333333334,21.7,23.383333333333333,0,12,0.5679235311868294,0.0,0.0,0,0,0.0,1,0.3464861364023802,0.015,B0,0,6.496014010146101,1,0.0,0,0,0,5.0,5.0,744.5796296296296,354.5617283950617,24.68187242798354,21.7,23.381872427983538,0,12,0.5675914997740537,0.0,0.0,0,0,0.0,1,0.3462740545976155,0.015,B0,0,6.492022253490279,1,0.0,0,0,0,355.0,355.0,354.5617283950617,23.5,21.7,22.883333333333333,22.881872427983538,22.2,24.683333333333334,24.68187242798354,23.383333333333333,23.381872427983538,0.0,5.0,5.0,12,0.0013523643587838472,0.015,L_0,0.0,5.0,5.0,12,0.0013523643587838472,0.015,L_0,-0.3055555555555556,0.09999999999999998,3.0,0.061111111111111116,0.03214285714285715,-0.07142857142857142,5,5,23.383333333333333,12,0.5620607142857144,N_0,-0.3055555555555556,0.09999999999999998,3.0,0.061111111111111116,0.03214285714285715,-0.07142857142857142,5,5,23.381872427983538,12,0.5620297222222222,N_0
13,5.0,5.0,756.0,360.0,24.8,21.8,23.5,0,13,0.571681154111395,0.0,0.0,0,0,0.0,1,0.37471140841599404,0.015,B0,0,7.067695164257495,1,0.0,0,0,0,5.0,5.0,755.0666666666667,359.55555555555554,24.79851851851852,21.8,23.49851851851852,0,13,0.5713493857790446,0.0,0.0,0,0,0.0,1,0.37448306627862243,0.015,B0,0,7.063371639269324,1,0.0,0,0,0,360.0,360.0,359.55555555555554,23.6,21.8,23.0,22.99851851851852,22.3,24.8,24.79851851851852,23.5,23.49851851851852,0.0,5.0,5.0,13,0.0013523643587838472,0.015,L_0,0.0,5.0,5.0,13,0.0013523643587838472,0.015,L_0,-0.3055555555555556,0.09999999999999998,3.0,0.061111111111111116,0.03214285714285715,-0.07142857142857142,5,5,23.5,13,0.5645357142857144,N_0,-0.3055555555555556,0.09999999999999998,3.0,0.061111111111111116,0.03214285714285715,-0.07142857142857142,5,5,23.49851851851852,13,0.5645042857142858,N_0
14,5.0,5.0,735.0,350.0,24.566666666666666,21.6,23.366666666666667,0,14,0.5641097360314986,0.0,0.0,0,0,0.0,1,0.4020096129115202,0.015,B0,0,7.631804900288994,1,0.0,0,0,0,5.0,5.0,734.0925925925926,349.5679012345679,24.565226337448557,21.6,23.365226337448558,0,14,0.5637774706936594,0.0,0.0,0,0,0.0,1,0.4017649487812083,0.015,B0,0,7.627149109962983,1,0.0,0,0,0,350.0,350.0,349.5679012345679,23.4,21.6,22.76666666666667,22.76522633744856,22.2,24.566666666666666,24.565226337448557,23.366666666666667,23.365226337448558,0.0,5.0,5.0,14,0.0013523643587838472,0.015,L_0,0.0,5.0,5.0,14,0.0013523643587838472,0.015,L_0,-0.3055555555555556,0.09999999999999998,3.0,0.061111111111111116,0.03214285714285715,-0.07142857142857142,5,5,23.366666666666667,14,0.561707142857143,N_0,-0.3055555555555556,0.09999999999999998,3.0,0.061111111111111116,0.03214285714285715,-0.07142857142857142,5,5,23.365226337448558,14,0.5616765873015873,N_0
15,5.0,5.0,703.5,335.0,24.21666666666667,21.3,23.116666666666667,0,15,0.5523184325724358,0.0,0.0,0,0,0.0,1,0.42852246859453114,0.015,B0,0,8.18412333286143,1,0.0,0,0,0,5.0,5.0,702.6314814814815,334.58641975308643,24.215288065843623,21.3,23.11528806584362,0,15,0.5519856548383034,0.0,0.0,0,0,0.0,1,0.4282614565833219,0.015,B0,0,8.179134764801287,1,0.0,0,0,0,335.0,335.0,334.58641975308643,23.1,21.3,22.416666666666668,22.415288065843622,22.0,24.21666666666667,24.215288065843623,23.116666666666667,23.11528806584362,0.0,5.0,5.0,15,0.0013523643587838472,0.015,L_0,0.0,5.0,5.0,15,0.0013523643587838472,0.015,L_0,-0.3055555555555556,0.09999999999999998,3.0,0.061111111111111116,0.03214285714285715,-0.07142857142857142,5,5,23.116666666666667,15,0.5564035714285714,N_0,-0.3055555555555556,0.09999999999999998,3.0,0.061111111111111116,0.03214285714285715,-0.07142857142857142,5,5,23.11528806584362,15,0.5563743253968255,N_0
16,5.0,5.0,672.0,320.0,23.866666666666667,21.0,22.766666666666666,0,16,0.5399735005486119,0.0,0.0,0,0,0.0,0.9854166666666666,0.45440264988067197,0.015,B0,0,8.724096833410043,1,0.0,0,0,0,5.0,5.0,671.1703703703705,319.60493827160496,23.865349794238682,21.0,22.76534979423868,0,16,0.5396405277669499,0.0,0.0,0,0,0.0,0.9853343621399175,0.454125295987441,0.015,B0,0,8.718775292568237,1,0.0,0,0,0,320.0,320.0,319.60493827160496,22.8,21.0,22.066666666666666,22.065349794238685,21.7,23.866666666666667,23.865349794238682,22.766666666666666,22.76534979423868,0.0,5.0,5.0,16,0.0013523643587838472,0.015,L_0,0.0,5.0,5.0,16,0.0013523643587838472,0.015,L_0,-0.3055555555555556,0.09999999999999998,3.0,0.061111111111111116,0.03214285714285715,-0.07142857142857142,5,5,22.766666666666666,16,0.5489785714285715,N_0,-0.3055555555555556,0.09999999999999998,3.0,0.061111111111111116,0.03214285714285715,-0.07142857142857142,5,5,22.76534979423868,16,0.5489506349206349,N_0
17,5.0,5.0,640.5,305.0,23.516666666666666,20.7,22.416666666666664,0,17,0.5270350113420358,0.0,0.0,0,0,0.0,0.9635416666666665,0.47961908429141636,0.015,B0,0,9.251131844752079,1,0.0,0,0,0,5.0,5.0,639.7092592592593,304.62345679012344,23.515411522633745,20.7,22.415411522633743,0,17,0.5267022089480548,0.0,0.0,0,0,0.0,0.963463220164609,0.4793254147982763,0.015,B0,0,9.245477501516293,1,0.0,0,0,0,305.0,305.0,304.62345679012344,22.5,20.7,21.716666666666665,21.715411522633744,21.4,23.516666666666666,23.515411522633745,22.416666666666664,22.415411522633743,0.0,5.0,5.0,17,0.0013523643587838472,0.015,L_0,0.0,5.0,5.0,17,0.0013523643587838472,0.015,L_0,-0.3055555555555556,0.09999999999999998,3.0,0.061111111111111116,0.03214285714285715,-0.07142857142857142,5,5,22.416666666666664,17,0.5415535714285714,N_0,-0.3055555555555556,0.09999999999999998,3.0,0.061111111111111116,0.03214285714285715,-0.07142857142857142,5,5,22.415411522633743,17,0.5415269444444445,N_0
18,5.0,5.0,619.5,295.0,23.183333333333334,20.4,22.083333333333336,0,18,0.5180581136293668,0.0,0.0,0,0,0.0,0.9427083333333335,0.5045895179321304,0.015,B0,0,9.769189958381446,1,0.0,0,0,0,5.0,5.0,618.7351851851852,294.6358024691358,23.182119341563784,20.4,22.082119341563786,0,18,0.5177256548527596,0.0,0.0,0,0,0.0,0.9426324588477366,0.5042795581904298,0.015,B0,0,9.763203156369052,1,0.0,0,0,0,295.0,295.0,294.6358024691358,22.2,20.4,21.383333333333333,21.382119341563783,21.1,23.183333333333334,23.182119341563784,22.083333333333336,22.082119341563786,0.0,5.0,5.0,18,0.0013523643587838472,0.015,L_0,0.0,5.0,5.0,18,0.0013523643587838472,0.015,L_0,-0.3055555555555556,0.09999999999999998,3.0,0.061111111111111116,0.03214285714285715,-0.07142857142857142,5,5,22.083333333333336,18,0.534482142857143,N_0,-0.3055555555555556,0.09999999999999998,3.0,0.061111111111111116,0.03214285714285715,-0.07142857142857142,5,5,22.082119341563786,18,0.5344563888888889,N_0
19,5.0,5.0,598.5,285.0,22.849999999999998,20.1,21.75,0,19,0.5087839412846993,0.0,0.0,0,0,0.0,0.921875,0.5290904720986389,0.015,B0,0,10.277973899666145,1,0.0,0,0,0,5.0,5.0,597.7611111111112,284.64814814814815,22.848827160493826,20.1,21.74882716049383,0,19,0.5084520314262552,0.0,0.0,0,0,0.0,0.9218016975308643,0.5287642591028177,0.015,B0,0,10.271655187795307,1,0.0,0,0,0,285.0,285.0,284.64814814814815,21.9,20.1,21.05,21.04882716049383,20.8,22.849999999999998,22.848827160493826,21.75,21.74882716049383,0.0,5.0,5.0,19,0.0013523643587838472,0.015,L_0,0.0,5.0,5.0,19,0.0013523643587838472,0.015,L_0,-0.3055555555555556,0.09999999999999998,3.0,0.061111111111111116,0.03214285714285715,-0.07142857142857142,5,5,21.75,19,0.5274107142857143,N_0,-0.3055555555555556,0.09999999999999998,3.0,0.061111111111111116,0.03214285714285715,-0.07142857142857142,5,5,21.74882716049383,19,0.5273858333333334,N_0
20,5.0,5.0,577.5,275.0,22.616666666666667,19.9,21.51666666666667,0,20,0.49919747905638223,0.0,0.0,0,0,0.0,0.9072916666666668,0.5531058924740555,0.015,B0,0,10.777171378722528,1,0.0,0,0,0,5.0,5.0,576.7870370370371,274.6604938271605,22.615534979423867,19.9,21.51553497942387,0,20,0.4988663437398711,0.0,0.0,0,0,0.0,0.9072209362139918,0.5527634752822412,0.015,B0,0,10.770521531535179,1,0.0,0,0,0,275.0,275.0,274.6604938271605,21.7,19.9,20.816666666666666,20.815534979423866,20.6,22.616666666666667,22.615534979423867,21.51666666666667,21.51553497942387,0.0,5.0,5.0,20,0.0013523643587838472,0.015,L_0,0.0,5.0,5.0,20,0.0013523643587838472,0.015,L_0,-0.3055555555555556,0.09999999999999998,3.0,0.061111111111111116,0.03214285714285715,-0.07142857142857142,5,5,21.51666666666667,20,0.5224607142857144,N_0,-0.3055555555555556,0.09999999999999998,3.0,0.061111111111111116,0.03214285714285715,-0.07142857142857142,5,5,21.51553497942387,20,0.5224367063492064,N_0
21,5.0,5.0,556.5,265.0,22.383333333333333,19.7,21.28333333333333,0,21,0.48928268315275336,0.0,0.0,0,0,0.0,0.8927083333333332,0.5766188873436251,0.015,B0,0,11.266454061875281,1,0.0,0,0,0,5.0,5.0,555.8129629629631,264.67283950617286,22.38224279835391,19.7,21.28224279835391,0,21,0.48895257040989004,0.0,0.0,0,0,0.0,0.8926401748971193,0.5762603282790106,0.015,B0,0,11.259474101945068,1,0.0,0,0,0,265.0,265.0,264.67283950617286,21.5,19.7,20.583333333333332,20.58224279835391,20.4,22.383333333333333,22.38224279835391,21.28333333333333,21.28224279835391,0.0,5.0,5.0,21,0.0013523643587838472,0.015,L_0,0.0,5.0,5.0,21,0.0013523643587838472,0.015,L_0,-0.3055555555555556,0.09999999999999998,3.0,0.061111111111111116,0.03214285714285715,-0.07142857142857142,5,5,21.28333333333333,21,0.5175107142857144,N_0,-0.3055555555555556,0.09999999999999998,3.0,0.061111111111111116,0.03214285714285715,-0.07142857142857142,5,5,21.28224279835391,21,0.5174875793650794,N_0
22,5.0,5.0,535.5,255.0,22.25,19.6,21.150000000000002,0,22,0.4790223916390621,0.0,0.0,0,0,0.0,0.8843750000000001,0.5996116683547744,0.015,B0,0,11.745476453514343,1,0.0,0,0,0,5.0,5.0,534.838888888889,254.6851851851852,22.24895061728395,19.6,21.14895061728395,0,22,0.47869357423767267,0.0,0.0,0,0,0.0,0.884309413580247,0.5992370443331213,0.015,B0,0,11.73816767618274,1,0.0,0,0,0,255.0,255.0,254.6851851851852,21.4,19.6,20.450000000000003,20.448950617283952,20.3,22.25,22.24895061728395,21.150000000000002,21.14895061728395,0.0,5.0,5.0,22,0.0013523643587838472,0.015,L_0,0.0,5.0,5.0,22,0.0013523643587838472,0.015,L_0,-0.3055555555555556,0.09999999999999998,3.0,0.061111111111111116,0.03214285714285715,-0.07142857142857142,5,5,21.150000000000002,22,0.514682142857143,N_0,-0.3055555555555556,0.09999999999999998,3.0,0.061111111111111116,0.03214285714285715,-0.07142857142857142,5,5,21.14895061728395,22,0.514659880952381,N_0
23,5.0,5.0,525.0,250.0,22.133333333333333,19.5,21.03333333333333,0,23,0.4737569919992339,0.0,0.0,0,0,0.0,0.8770833333333332,0.6225911809600034,0.015,B0,0,12.219233445513577,1,0.0,0,0,0,5.0,5.0,524.3518518518518,249.69135802469137,22.13230452674897,19.5,21.03230452674897,0,23,0.4734289329902188,0.0,0.0,0,0,0.0,0.8770190329218106,0.6222005028431038,0.015,B0,0,12.21159660917296,1,0.0,0,0,0,250.0,250.0,249.69135802469137,21.3,19.5,20.333333333333332,20.33230452674897,20.2,22.133333333333333,22.13230452674897,21.03333333333333,21.03230452674897,0.0,5.0,5.0,23,0.0013523643587838472,0.015,L_0,0.0,5.0,5.0,23,0.0013523643587838472,0.015,L_0,-0.3055555555555556,0.09999999999999998,3.0,0.061111111111111116,0.03214285714285715,-0.07142857142857142,5,5,21.03333333333333,23,0.5122071428571429,N_0,-0.3055555555555556,0.09999999999999998,3.0,0.061111111111111116,0.03214285714285715,-0.07142857142857142,5,5,21.03230452674897,23,0.5121853174603175,N_0
24,5.509732142857143,5.0,514.5,245.0,22.016666666666666,19.4,20.916666666666668,0,24,0.49600195273337605,0.0,0.5097321428571426,0.6498294239932568,0,0.0,0.8697916666666667,0.6498294239932568,0.01588629145205231,B0,0,12.715235398246953,1,0.0,0,0,0,5.509710753968254,5.0,513.8648148148148,244.69753086419755,22.01565843621399,19.4,20.91565843621399,0,24,0.4956539740566217,0.0,0.5097107539682542,0.6494194773927339,0,0.0,0.8697286522633745,0.6494194773927339,0.01588624536323902,B0,0,12.70725058322958,1,0.0,0,0,0,245.0,245.0,244.69753086419755,21.2,19.4,20.216666666666665,20.21565843621399,20.1,22.016666666666666,22.01565843621399,20.916666666666668,20.91565843621399,0.5097321428571426,5.509732142857143,5.0,0,0.001738739580134153,0.01588629145205231,L_0,0.5097107539682542,5.509710753968254,5.0,0,0.0017387221210055457,0.01588624536323902,L_0,-0.3055555555555556,0.09999999999999998,3.0,0.061111111111111116,0.03214285714285715,-0.07142857142857142,5.509732142857143,5,20.916666666666668,0,0.509732142857143,N_0,-0.3055555555555556,0.09999999999999998,3.0,0.061111111111111116,0.03214285714285715,-0.07142857142857142,5.509710753968254,5,20.91565843621399,0,0.509710753968254,N_0
